{
    "loss": 1.8956427574157715,
    "accuracy": 0.6637930870056152
}